publication_year,study,short_name,scope,horizon,metric_type,damage_low_pct,damage_mid_pct,damage_high_pct,mitigation_low_pct,mitigation_mid_pct,mitigation_high_pct,damage_text,mitigation_text,comparability,include_default,harmonisation_note,source_url
2006,Stern Review: The Economics of Climate Change,Stern Review,Global,long term / annual equivalent,"GDP- or welfare-equivalent annual cost, % global GDP",5.0,12.5,20.0,1.0,1.0,1.0,Unabated climate change: at least 5% of global GDP each year; with wider risks 20% or more.,Strong mitigation: around 1% of global GDP per year.,High,True,"Both values are from the same report, but Stern's damage number is a welfare-equivalent long-run annual loss, not a point estimate for 2050/2100 GDP.",https://webarchive.nationalarchives.gov.uk/ukgwa/20100407172811/http://www.hm-treasury.gov.uk/stern_review_report.htm
2014,IPCC AR5 WGIII: Mitigation of Climate Change,IPCC AR5 WGIII,Global,2050,"Consumption loss vs baseline, %",,,,2.1,3.4,6.2,No single directly comparable aggregate damage estimate in this row.,"Cost-effective 450 ppm CO2e scenarios: median global consumption loss 3.4% in 2050, range 2.1–6.2%.",Medium,False,"Mitigation costs only. Useful benchmark, but not a damage-vs-mitigation pair.",https://www.ipcc.ch/report/ar5/wg3/
2015,"Burke, Hsiang & Miguel: Global non-linear effect of temperature on economic production",Burke et al.,Global,2100,"GDP per capita / income loss vs no climate change, %",,23.0,,,,,Unmitigated warming expected to reduce average global incomes roughly 23% by 2100.,No mitigation-cost estimate in this study row.,Medium,True,"Damage estimate only; macroeconometric income effect, not directly paired with a mitigation-cost estimate.",https://doi.org/10.1038/nature15725
2021,Swiss Re Institute: The economics of climate change – no action not an option,Swiss Re,Global,2050,"GDP impact vs no climate change, %",11.0,14.5,18.0,,,,Global GDP impact by 2050: 11–14% under current trajectory; up to 18% in a severe no-action scenario.,No mitigation-cost estimate in this study row.,Medium,True,"Damage estimate only. Midpoint combines current-trajectory range with severe scenario upper bound, so use as order-of-magnitude point.",https://www.swissre.com/institute/research/topics-and-risk-dialogues/climate-and-natural-catastrophe-risk/expertise-publication-economics-of-climate-change.html
2022,Deloitte Center for Sustainable Progress: The Turning Point,Deloitte,Global,2070,"GDP loss in 2070 and cumulative NPV, % / USD",,7.6,,,,,Unchecked climate change: US$178 trillion cumulative cost over 2021–2070; 7.6% cut to global GDP in 2070 alone.,"Net-zero transition below 2°C modelled as US$43 trillion net present value gain, not a gross cost.",Low,False,"The 7.6% value is chartable, but the mitigation side is a net-benefit figure in USD NPV rather than a comparable % GDP cost.",https://www.deloitte.com/global/en/about/press-room/deloitte-research-reveals-inaction-on-climate-change-could-cost-the-world-economy-us-dollar-178-trillion-by-2070.html
2022,IPCC AR6 WGIII: Mitigation pathways compatible with long-term goals,IPCC AR6 WGIII,Global,2050,"GDP loss vs reference scenarios, %",,,,2.6,3.4,4.2,No single directly comparable aggregate damage estimate in this row.,1.5°C pathways with no/limited overshoot: global GDP reductions of 2.6–4.2% in 2050 vs current-policy reference pathways.,Medium,True,Mitigation costs only. IPCC notes these figures exclude avoided climate damages and many co-benefits.,https://www.ipcc.ch/report/ar6/wg3/chapter/chapter-3/
2023,BMWK/BMUV: Kosten durch Klimawandelfolgen in Deutschland,BMWK/BMUV,Deutschland,2050,"Annual GDP loss, % German GDP",0.6,1.2,1.8,,,,"Germany: annual climate-damage costs in 2050 estimated at €20–70bn, or 0.6–1.8% of projected GDP.",No decarbonisation-cost estimate in this study row; adaptation could reduce damages by large shares depending on scenario.,Medium,True,National damage estimate; not directly comparable to global mitigation-cost studies.,https://www.bmwk.de/Redaktion/DE/Artikel/Klimaschutz/kosten-klimawandelfolgen-in-deutschland.html
2024,"Kotz, Levermann & Wenz: The economic commitment of climate change",Kotz et al.,Global,2050,"Income loss vs no additional climate impacts, %",11.0,19.0,29.0,1.8,3.2,4.8,"Committed climate damages: 19% global income reduction by 2050, likely range 11–29%.",Implied approximate mitigation-cost equivalent: damages reported as about six times the mitigation costs required to limit warming to 2°C.,Retracted,False,"Retracted in 2025. Mitigation value is derived from the originally reported sixfold ratio, not quoted as a standalone %GDP estimate. Keep as historical/legacy reference only unless a corrected version is used.",https://doi.org/10.1038/s41586-024-07219-0
2025,Institute and Faculty of Actuaries / University of Exeter: Planetary Solvency-type stress estimates,IFoA / Exeter,Global,2070–2090,"Severe systemic GDP-loss stress estimate, %",,50.0,,,,,A severe systemic-risk framing reported possible global GDP losses around 50% between 2070 and 2090 under catastrophic climate shocks.,No comparable mitigation-cost estimate in this study row.,Low,False,"Extreme systemic risk estimate; useful as tail-risk reference, not a central comparable value.",https://actuaries.org.uk/
